date,employee_id,login_hour,logout_hour,file_access_count,usb_usage_count,email_count,download_mb,confidential_access_count,failed_login_count,unusual_hours,label
2025-01-01,CERT_EMP001,8.25,16.93,29,0,10,83.35,0,0,0,Normal
2025-01-01,CERT_EMP002,3.89,6.56,117,0,0,376.0,5,8,1,Threat
2025-01-01,CERT_EMP003,22.0,18.02,36,3,21,189.73,2,1,1,Suspicious
2025-01-01,CERT_EMP004,7.99,17.18,31,0,16,89.35,0,0,0,Normal
2025-01-01,CERT_EMP005,7.45,16.81,20,0,11,66.09,0,0,0,Normal
2025-01-02,CERT_EMP001,2.07,3.86,179,0,0,403.0,19,8,1,Threat
2025-01-02,CERT_EMP002,7.94,16.85,60,8,42,2680.0,24,0,0,Threat
2025-01-02,CERT_EMP003,7.96,17.72,36,1,20,211.43,3,2,0,Suspicious
2025-01-02,CERT_EMP004,8.65,16.55,59,8,44,3070.0,10,0,0,Threat
2025-01-02,CERT_EMP005,7.94,16.53,21,0,9,89.41,0,0,0,Normal
2025-01-03,CERT_EMP001,9.32,16.49,28,0,15,81.63,0,0,0,Normal
2025-01-03,CERT_EMP002,8.3,16.27,17,0,14,90.71,0,0,0,Normal
2025-01-03,CERT_EMP003,8.36,16.87,21,0,13,81.52,0,0,0,Normal
2025-01-03,CERT_EMP004,6.75,17.09,31,2,23,180.38,1,1,0,Suspicious
2025-01-03,CERT_EMP005,8.54,17.5,24,0,17,50.01,0,0,0,Normal
2025-01-04,CERT_EMP001,9.48,17.79,32,1,30,183.46,1,2,0,Suspicious
2025-01-04,CERT_EMP002,23.0,18.43,34,2,30,210.27,2,2,1,Suspicious
2025-01-04,CERT_EMP003,3.07,4.49,110,0,0,198.0,11,8,1,Threat
2025-01-04,CERT_EMP004,1.11,4.08,195,0,0,101.0,5,8,1,Threat
2025-01-04,CERT_EMP005,6.77,17.5,20,0,14,81.83,0,1,0,Normal
2025-01-05,CERT_EMP001,8.33,17.55,26,1,27,78.28,0,2,0,Normal
2025-01-05,CERT_EMP002,7.03,16.33,23,0,13,79.7,0,0,0,Normal
2025-01-05,CERT_EMP003,8.27,16.25,33,0,17,75.52,0,0,0,Normal
2025-01-05,CERT_EMP004,8.25,16.99,22,0,30,82.29,0,0,0,Normal
2025-01-05,CERT_EMP005,7.94,16.13,23,0,22,87.62,0,0,0,Normal
2025-01-06,CERT_EMP001,7.46,16.49,31,0,16,65.8,0,0,0,Normal
2025-01-06,CERT_EMP002,7.63,17.1,20,0,14,69.04,1,0,0,Normal
2025-01-06,CERT_EMP003,7.77,16.79,25,0,14,87.15,0,0,0,Normal
2025-01-06,CERT_EMP004,7.62,17.21,28,0,14,71.21,0,0,0,Normal
2025-01-06,CERT_EMP005,7.71,16.82,33,0,9,81.89,0,0,0,Normal
2025-01-07,CERT_EMP001,9.07,17.11,24,0,16,75.93,0,0,0,Normal
2025-01-07,CERT_EMP002,7.59,17.35,59,8,38,4671.0,11,0,0,Threat
2025-01-07,CERT_EMP003,8.3,18.59,28,1,17,81.01,0,0,0,Normal
2025-01-07,CERT_EMP004,8.11,16.86,30,0,17,69.4,0,0,0,Normal
2025-01-07,CERT_EMP005,7.65,16.23,27,0,13,93.4,0,0,0,Normal
2025-01-08,CERT_EMP001,8.26,16.91,24,0,18,85.91,0,0,0,Normal
2025-01-08,CERT_EMP002,7.24,17.38,29,0,15,66.67,0,0,0,Normal
2025-01-08,CERT_EMP003,8.2,16.94,28,0,8,93.48,0,1,0,Normal
2025-01-08,CERT_EMP004,9.07,16.83,29,0,19,82.99,0,0,0,Normal
2025-01-08,CERT_EMP005,6.42,18.08,39,3,21,158.16,2,2,0,Suspicious
2025-01-09,CERT_EMP001,8.53,17.74,21,0,12,69.45,0,0,0,Normal
2025-01-09,CERT_EMP002,8.32,17.27,29,0,14,80.69,0,0,0,Normal
2025-01-09,CERT_EMP003,7.58,17.02,22,1,22,84.67,0,0,0,Normal
2025-01-09,CERT_EMP004,7.76,20.0,93,2,61,108.88,11,0,0,Threat
2025-01-09,CERT_EMP005,8.23,16.48,23,0,13,74.06,0,0,0,Normal
2025-01-10,CERT_EMP001,7.95,16.49,29,3,24,216.31,3,1,0,Suspicious
2025-01-10,CERT_EMP002,8.14,19.04,31,2,23,227.68,1,1,0,Suspicious
2025-01-10,CERT_EMP003,7.81,17.17,26,0,13,102.94,0,0,0,Normal
2025-01-10,CERT_EMP004,7.13,17.33,46,1,21,116.52,2,1,0,Suspicious
2025-01-10,CERT_EMP005,7.87,16.72,24,0,16,110.47,0,0,0,Normal
2025-01-11,CERT_EMP001,8.18,17.86,61,5,40,4531.0,14,1,0,Threat
2025-01-11,CERT_EMP002,6.97,16.96,27,0,10,66.78,0,0,0,Normal
2025-01-11,CERT_EMP003,8.24,18.03,19,0,11,76.17,0,0,0,Normal
2025-01-11,CERT_EMP004,7.95,22.0,79,1,85,99.3,8,0,1,Threat
2025-01-11,CERT_EMP005,8.06,17.99,19,0,20,82.14,0,1,0,Normal
2025-01-12,CERT_EMP001,8.02,17.38,25,0,10,70.64,0,0,0,Normal
2025-01-12,CERT_EMP002,7.82,17.45,23,0,11,61.27,0,0,0,Normal
2025-01-12,CERT_EMP003,8.1,17.67,25,0,16,64.31,0,0,0,Normal
2025-01-12,CERT_EMP004,8.36,16.86,27,0,13,77.53,0,0,0,Normal
2025-01-12,CERT_EMP005,5.0,18.8,37,2,28,203.48,1,3,1,Suspicious
2025-01-13,CERT_EMP001,7.55,17.32,29,0,18,89.17,0,0,0,Normal
2025-01-13,CERT_EMP002,8.01,16.63,26,0,17,54.33,0,0,0,Normal
2025-01-13,CERT_EMP003,7.96,16.49,27,0,14,88.02,0,0,0,Normal
2025-01-13,CERT_EMP004,7.91,17.29,30,0,13,85.97,0,0,0,Normal
2025-01-13,CERT_EMP005,8.28,17.15,27,0,16,88.24,0,0,0,Normal
2025-01-14,CERT_EMP001,6.83,15.86,22,0,11,97.19,0,0,0,Normal
2025-01-14,CERT_EMP002,2.51,5.5,136,0,0,388.0,18,8,1,Threat
2025-01-14,CERT_EMP003,8.75,17.2,73,8,31,3763.0,29,0,0,Threat
2025-01-14,CERT_EMP004,7.78,17.19,21,0,17,60.41,0,0,0,Normal
2025-01-14,CERT_EMP005,5.0,18.17,36,3,19,220.05,1,2,1,Suspicious
2025-01-15,CERT_EMP001,8.05,17.36,28,0,16,82.21,0,0,0,Normal
2025-01-15,CERT_EMP002,0.9,3.87,189,0,0,412.0,5,7,1,Threat
2025-01-15,CERT_EMP003,8.05,16.15,14,0,14,98.35,0,0,0,Normal
2025-01-15,CERT_EMP004,8.64,16.59,24,0,10,47.64,0,0,0,Normal
2025-01-15,CERT_EMP005,7.95,19.85,30,1,26,227.04,2,1,0,Suspicious
