login_hour,download_count,failed_logins,sensitive_access,label
13.02,4,0,1,0
10.62,1,0,0,0
0.95,195,9,1,1
12.39,3,1,0,0
16.55,0,0,0,0
14.04,4,0,0,0
16.09,4,0,0,0
9.39,3,1,0,0
14.99,2,1,0,0
9.9,3,0,0,0
15.61,0,1,0,0
14.96,2,0,0,0
11.07,3,0,0,0
4.03,159,7,1,1
14.54,1,1,0,0
11.91,2,0,0,0
15.4,1,1,0,0
15.08,1,1,0,0
13.98,1,1,0,0
16.09,0,1,0,0
14.38,3,1,0,0
0.0,161,7,1,1
2.47,134,6,1,1
0.0,59,9,1,1
13.44,1,1,0,0
1.75,161,8,1,1
14.04,1,0,0,0
10.64,0,0,0,0
1.45,128,7,1,1
15.6,0,0,0,0
2.95,142,9,1,1
15.81,2,0,0,0
13.21,1,1,0,0
11.56,0,0,0,0
11.21,2,1,0,0
15.48,1,1,0,0
12.28,2,1,0,0
0.76,197,9,1,1
11.09,4,0,0,0
15.92,3,1,0,0
9.58,3,1,0,0
11.23,2,1,0,0
1.59,132,7,1,1
3.98,103,8,1,1
15.34,2,0,0,0
12.08,2,0,0,0
13.13,2,0,0,0
14.24,1,0,0,0
11.9,0,1,0,0
15.07,1,0,0,0
15.27,4,1,0,0
15.49,2,1,0,0
16.51,1,1,0,0
0.0,152,6,1,1
1.76,98,3,1,1
12.67,1,0,0,0
15.69,4,0,0,0
14.97,2,1,0,0
16.93,4,0,0,0
9.54,4,0,0,0
13.23,3,0,0,0
13.61,0,0,0,0
12.25,3,1,0,0
0.9,133,6,1,1
3.8,124,3,1,1
10.32,3,1,0,0
0.03,164,9,1,1
1.59,170,8,1,1
13.74,2,1,0,0
13.68,1,0,0,0
16.79,2,0,0,0
12.76,2,0,0,0
10.76,1,1,0,0
10.3,3,1,0,0
10.38,2,0,0,0
0.13,157,7,1,1
16.28,3,1,0,0
16.49,1,1,0,0
2.36,59,7,1,1
16.59,1,1,0,0
9.94,0,1,0,0
11.03,3,0,0,0
4.35,127,3,1,1
14.78,4,1,0,0
15.03,2,1,0,0
10.27,2,0,0,0
15.35,2,1,0,0
10.93,3,1,0,0
10.09,4,0,0,0
16.97,1,1,0,0
14.14,2,1,0,0
0.37,54,9,1,1
10.61,0,1,0,0
11.93,1,0,0,0
13.78,0,0,0,0
10.61,1,0,0,0
10.69,2,1,0,0
13.58,4,0,0,0
9.41,0,0,0,0
14.1,1,0,0,0
11.96,0,0,0,0
16.16,1,0,0,0
3.63,151,7,1,1
13.89,2,1,0,0
10.01,1,1,0,0
15.77,3,0,0,0
12.89,0,1,0,0
10.24,1,0,0,0
9.96,1,1,0,0
12.65,1,1,0,0
16.12,3,1,0,0
15.68,0,1,0,0
0.23,69,3,1,1
0.17,175,6,1,1
11.62,1,0,1,0
15.11,3,1,0,0
9.18,2,0,0,0
11.74,3,0,0,0
9.75,2,1,0,0
12.7,4,1,0,0
14.95,3,1,0,0
16.78,0,0,0,0
16.07,3,0,0,0
1.56,152,6,1,1
13.53,3,0,0,0
10.99,0,0,0,0
0.96,96,7,1,1
13.95,0,0,0,0
0.44,125,6,1,1
15.4,3,0,0,0
11.21,2,0,0,0
0.4,68,5,1,1
12.53,2,1,0,0
12.81,0,0,0,0
13.62,2,1,0,0
16.69,4,0,0,0
9.38,0,1,0,0
15.64,0,0,0,0
13.38,2,0,0,0
10.55,1,1,0,0
9.85,3,0,0,0
15.56,4,1,0,0
12.02,3,1,0,0
11.46,1,0,0,0
10.65,2,1,0,0
16.55,2,1,0,0
15.08,2,0,0,0
15.69,1,0,0,0
11.85,3,1,0,0
9.1,3,1,0,0
0.46,98,8,1,1
2.6,188,9,1,1
12.24,3,1,0,0
12.26,0,1,0,0
0.98,180,6,1,1
9.71,0,1,0,0
15.75,0,0,0,0
13.96,2,1,0,0
14.12,4,1,0,0
16.86,2,0,0,0
12.54,4,0,0,0
13.97,1,1,0,0
13.03,1,1,0,0
15.26,2,1,0,0
14.95,3,1,0,0
10.66,4,1,0,0
13.93,1,0,0,0
9.53,3,0,0,0
1.53,89,3,1,1
13.22,4,0,0,0
13.44,4,0,0,0
10.4,1,0,0,0
2.29,162,3,1,1
15.4,2,1,0,0
9.05,4,1,0,0
10.57,0,0,0,0
15.06,3,1,0,0
10.47,4,1,0,0
16.25,2,0,0,0
9.52,0,0,0,0
12.49,0,0,0,0
15.16,2,1,0,0
1.13,157,4,1,1
10.5,3,1,0,0
10.67,3,0,0,0
9.77,4,1,1,0
14.93,4,0,0,0
13.71,1,1,0,0
15.47,0,1,0,0
13.16,4,0,0,0
14.9,4,0,0,0
1.45,198,5,1,1
13.71,3,1,0,0
12.07,3,0,0,0
16.89,3,1,0,0
14.01,4,0,0,0
14.77,2,0,0,0
10.64,0,1,0,0
2.3,56,7,1,1
13.93,2,1,0,0
15.85,4,1,0,0
10.12,1,1,0,0
16.04,4,0,0,0
16.3,4,1,0,0
16.44,3,0,0,0
11.75,1,0,0,0
13.29,0,0,0,0
16.69,3,0,1,0
10.35,2,0,0,0
15.68,4,0,1,0
2.08,156,4,1,1
2.32,114,6,1,1
1.66,200,4,1,1
11.3,1,0,0,0
16.52,2,0,0,0
15.12,4,1,0,0
9.7,2,0,0,0
15.09,3,0,0,0
1.05,168,8,1,1
12.46,2,1,0,0
14.31,3,1,0,0
11.58,1,0,0,0
9.77,4,0,0,0
16.98,3,1,0,0
13.26,3,1,0,0
9.71,4,0,0,0
12.11,4,1,0,0
9.03,4,0,0,0
16.09,2,0,0,0
12.14,0,0,0,0
12.8,2,0,0,0
10.27,1,1,0,0
10.38,3,1,0,0
16.89,0,0,0,0
3.2,175,4,1,1
12.42,4,1,1,0
15.1,4,0,0,0
14.69,1,0,0,0
11.99,0,1,0,0
11.33,0,0,0,0
3.35,176,5,1,1
13.36,2,0,0,0
16.25,1,0,0,0
9.43,2,0,0,0
15.11,4,1,0,0
14.64,0,1,0,0
3.2,173,5,1,1
13.62,4,1,0,0
9.68,0,1,0,0
12.35,3,1,0,0
12.2,4,1,0,0
14.08,4,1,0,0
12.05,1,0,0,0
2.75,177,4,1,1
15.69,0,1,0,0
10.43,3,1,0,0
10.1,1,0,0,0
15.78,4,1,0,0
11.35,4,1,0,0
11.4,4,1,0,0
16.33,3,1,0,0
9.54,4,1,0,0
1.51,156,6,1,1
11.8,3,1,0,0
9.44,4,1,0,0
0.04,83,6,1,1
12.02,4,0,0,0
9.25,2,1,0,0
9.41,1,0,0,0
14.88,1,0,0,0
12.99,4,1,0,0
11.47,1,1,0,0
9.57,0,0,0,0
10.51,0,1,0,0
11.13,1,0,0,0
0.19,114,5,1,1
13.03,0,1,0,0
10.2,0,0,0,0
15.24,4,0,1,0
2.89,127,7,1,1
10.43,3,0,0,0
11.93,2,0,0,0
12.04,3,0,0,0
11.74,4,0,0,0
12.78,0,1,0,0
13.97,1,1,0,0
14.06,2,1,0,0
14.37,1,0,0,0
12.73,2,0,0,0
9.91,3,0,0,0
12.93,0,0,0,0
12.4,1,0,0,0
14.43,1,0,0,0
14.69,1,0,1,0
13.6,0,0,1,0
15.77,3,1,0,0
3.62,79,4,1,1
13.69,1,0,0,0
0.46,90,9,1,1
12.13,2,1,0,0
11.8,0,0,0,0
2.25,107,6,1,1
2.42,167,3,1,1
0.62,163,9,1,1
12.31,2,1,0,0
11.52,0,0,0,0
12.92,3,1,0,0
15.27,2,1,0,0
10.1,1,1,0,0
10.62,0,0,0,0
10.97,2,0,0,0
2.56,163,4,1,1
9.03,0,0,0,0
13.81,4,0,0,0
11.21,2,1,0,0
11.81,1,1,0,0
16.32,3,0,0,0
15.67,0,0,0,0
12.58,3,0,0,0
0.0,91,6,1,1
14.69,1,0,0,0
14.41,1,1,0,0
11.22,0,1,0,0
13.16,3,1,0,0
13.87,0,1,0,0
12.32,2,0,0,0
15.81,0,1,0,0
13.26,0,1,0,0
12.79,1,1,0,0
11.13,2,1,0,0
15.19,0,1,0,0
13.8,4,1,0,0
10.68,1,1,0,0
9.93,3,0,0,0
14.95,3,0,0,0
0.51,75,5,1,1
11.53,1,1,0,0
12.73,3,1,0,0
11.64,3,1,0,0
14.73,4,1,0,0
9.37,3,0,0,0
0.54,70,3,1,1
12.36,2,0,0,0
15.15,3,0,0,0
16.05,3,1,0,0
2.97,170,3,1,1
2.13,142,6,1,1
10.25,0,0,0,0
14.89,1,1,0,0
11.41,1,1,0,0
10.13,3,1,0,0
9.08,1,1,0,0
16.4,4,0,0,0
11.2,2,0,0,0
2.28,52,3,1,1
11.44,3,1,0,0
12.97,4,0,0,0
10.59,2,0,0,0
10.92,4,0,0,0
2.32,124,3,1,1
16.42,2,1,0,0
1.76,106,6,1,1
16.66,2,0,0,0
9.32,4,0,0,0
13.21,3,0,0,0
11.4,3,1,0,0
16.82,2,0,0,0
16.85,0,0,0,0
13.88,1,0,0,0
15.61,3,0,0,0
9.14,1,1,0,0
12.51,4,0,0,0
16.62,2,0,0,0
12.11,3,1,0,0
14.76,1,0,0,0
9.95,3,0,0,0
1.81,151,3,1,1
12.82,4,1,0,0
14.87,0,0,0,0
9.96,2,0,0,0
3.58,124,7,1,1
14.43,3,1,0,0
16.52,1,1,0,0
2.34,180,9,1,1
14.36,2,1,1,0
11.31,4,1,0,0
9.99,0,0,0,0
9.51,0,0,0,0
14.25,0,0,0,0
0.53,107,8,1,1
9.42,2,0,0,0
14.52,3,0,0,0
2.43,140,9,1,1
16.17,0,1,0,0
0.01,53,9,1,1
16.62,3,0,0,0
11.51,4,0,0,0
2.27,137,6,1,1
10.45,1,0,0,0
0.91,191,4,1,1
13.46,4,0,0,0
15.07,0,0,0,0
11.39,4,0,0,0
13.27,3,0,0,0
13.76,3,0,0,0
14.38,2,1,0,0
14.35,3,0,0,0
16.39,4,0,0,0
15.0,3,0,0,0
15.4,1,0,0,0
2.4,43,3,1,1
13.5,2,1,0,0
9.73,3,1,0,0
1.71,165,4,1,1
16.73,4,1,0,0
11.43,3,0,0,0
14.11,1,1,0,0
16.69,4,1,0,0
15.25,0,0,0,0
3.48,168,3,1,1
12.68,3,0,0,0
14.38,4,1,0,0
16.29,0,1,0,0
14.99,2,0,0,0
13.16,1,0,0,0
9.03,4,1,1,0
9.74,1,1,1,0
10.72,4,0,0,0
2.12,207,5,1,1
16.3,4,0,0,0
12.9,4,0,0,0
13.6,0,0,0,0
3.49,167,4,1,1
11.23,3,0,0,0
2.35,106,6,1,1
14.19,0,0,0,0
12.3,4,1,0,0
0.29,96,9,1,1
12.0,0,1,0,0
11.21,1,0,0,0
9.08,1,1,0,0
16.75,2,1,0,0
13.56,3,1,0,0
12.86,2,1,0,0
15.8,2,0,0,0
12.69,0,1,0,0
16.47,2,1,0,0
16.04,4,1,0,0
16.76,4,1,0,0
10.25,2,0,0,0
12.06,1,1,0,0
10.52,2,0,0,0
14.15,4,1,1,0
11.1,3,1,0,0
16.48,4,1,0,0
13.28,4,1,0,0
14.81,2,0,0,0
9.92,3,0,0,0
16.09,0,0,0,0
2.85,74,6,1,1
13.22,2,0,0,0
10.93,4,1,0,0
11.53,4,0,0,0
2.72,172,4,1,1
11.08,4,1,0,0
0.21,50,9,1,1
12.27,2,0,1,0
9.96,4,0,0,0
1.62,119,5,1,1
12.83,1,1,0,0
2.03,198,4,1,1
0.93,96,7,1,1
15.44,2,0,0,0
14.58,2,0,0,0
14.27,3,1,0,0
13.59,4,0,0,0
10.46,3,1,0,0
15.36,3,1,0,0
9.63,4,0,0,0
10.29,0,1,0,0
16.11,0,1,0,0
2.57,126,3,1,1
1.68,199,9,1,1
11.88,2,1,0,0
9.26,1,1,0,0
9.45,0,0,0,0
14.82,1,1,0,0
0.21,124,5,1,1
1.1,175,8,1,1
15.3,0,1,0,0
14.29,0,1,0,0
9.61,1,1,0,0
11.09,0,1,0,0
10.94,4,0,0,0
15.73,4,1,0,0
16.94,4,1,0,0
12.92,1,0,0,0
16.17,1,0,0,0
16.96,4,0,0,0
15.92,1,1,0,0
13.02,2,1,0,0
10.21,2,0,0,0
12.28,0,0,1,0
13.73,1,1,0,0
12.52,1,1,0,0
3.63,79,4,1,1
0.41,162,6,1,1
9.98,4,1,0,0
15.44,0,1,0,0
10.34,2,1,0,0
14.48,2,0,0,0
16.36,1,1,0,0
13.65,3,1,0,0
15.72,0,0,0,0
15.75,0,0,0,0
16.26,1,0,0,0
9.74,2,1,0,0
11.4,1,0,0,0
14.02,3,1,0,0
1.53,198,9,1,1
3.1,95,8,1,1
12.71,4,0,0,0
12.8,3,1,0,0
14.65,3,0,0,0
11.85,4,0,1,0
9.4,4,0,0,0
11.06,1,0,0,0
12.89,2,0,0,0
15.3,2,0,0,0
13.85,0,1,0,0
11.08,0,0,0,0
14.37,4,0,1,0
11.84,2,0,0,0
13.3,4,1,0,0
9.75,4,1,0,0
0.44,124,5,1,1
16.09,4,1,0,0
10.73,1,0,0,0
15.66,3,1,0,0
14.48,4,0,0,0
16.15,1,1,0,0
11.82,0,1,0,0
16.7,1,0,0,0
15.94,4,1,0,0
3.71,180,8,1,1
13.02,4,1,0,0
10.04,2,1,0,0
12.32,1,1,0,0
3.61,174,8,1,1
12.21,3,0,0,0
15.37,0,1,0,0
10.91,3,0,0,0
10.51,3,1,0,0
13.43,1,0,0,0
15.34,4,0,0,0
12.47,1,0,0,0
16.85,2,0,0,0
12.59,0,0,0,0
13.86,2,0,1,0
12.28,1,1,0,0
16.45,2,0,0,0
2.93,78,6,1,1
10.43,0,1,0,0
2.64,139,6,1,1
2.7,196,4,1,1
10.53,4,1,0,0
2.17,144,3,1,1
15.69,2,1,0,0
9.91,1,1,0,0
3.25,146,3,1,1
9.87,1,1,0,0
15.84,0,1,0,0
3.49,150,3,1,1
14.39,1,1,0,0
15.23,2,0,0,0
10.76,1,0,0,0
9.21,1,1,0,0
9.09,3,0,0,0
15.81,2,0,0,0
11.8,3,0,0,0
13.69,3,1,0,0
9.51,1,1,0,0
12.2,1,1,0,0
16.65,4,1,0,0
16.93,4,1,0,0
16.95,1,1,0,0
15.25,0,1,0,0
9.06,4,0,0,0
12.82,1,1,0,0
11.43,2,0,0,0
15.26,2,1,0,0
13.17,0,1,0,0
13.21,2,0,0,0
14.85,0,1,0,0
11.5,3,1,0,0
15.82,3,1,0,0
13.04,3,1,0,0
9.94,3,1,0,0
16.12,3,0,0,0
13.97,4,1,0,0
